River_Basins,Municipalities,Provinces,Rainfall event,,,FMC USE (for VLOOKUP),,,
,,,100 Yr,25 Yr,5 Yr,,,,
Buayan,Alabel,Sarangani,195.2,153.4,102.7,"Alabel, Sarangani",195.2,153.4,102.7
,General_Santos_City,South_Cotabato,195.2,153.4,102.7,"General_Santos_City, South_Cotabato",195.2,153.4,102.7
Cagayan_de_Oro,Baungon,Bukidnon,255.5,204,141.7,"Baungon, Bukidnon",255.5,204,141.7
,Cagayan_de_Oro_City,Misamis_Oriental,255.5,204,141.7,"Cagayan_de_Oro_City, Misamis_Oriental",255.5,204,141.7
Davao,Davao_City,Davao_del_Sur,202.1,165.5,121.1,"Davao_City, Davao_del_Sur",202.1,165.5,121.1
Iligan,Iligan_City,Lanao_del_Norte,255.5,204,141.7,"Iligan_City, Lanao_del_Norte",255.5,204,141.7
Ilog-Hilabangan,Cauayan,Negros_Occidental,227.3,177.2,116.5,"Cauayan, Negros_Occidental",227.3,177.2,116.5
,Himamaylan_City,Negros_Occidental,227.3,177.2,116.5,"Himamaylan_City, Negros_Occidental",227.3,177.2,116.5
,Ilog,Negros_Occidental,227.3,177.2,116.5,"Ilog, Negros_Occidental",227.3,177.2,116.5
,Kabankalan_City,Negros_Occidental,227.3,177.2,116.5,"Kabankalan_City, Negros_Occidental",227.3,177.2,116.5
Infanta,Real,Quezon,404.4,334.4,249.6,"Real, Quezon",404.4,334.4,249.6
,Infanta,Quezon,404.4,334.4,249.6,"Infanta, Quezon",404.4,334.4,249.6
,General_Nakar,Quezon,481.2,373.6,243.1,"General_Nakar, Quezon",481.2,373.6,243.1
Iponan,Cagayan_de_Oro_City,Misamis_Oriental,255.5,204,141.7,"Cagayan_de_Oro_City, Misamis_Oriental",255.5,204,141.7
,Opol,Misamis_Oriental,255.5,204,141.7,"Opol, Misamis_Oriental",255.5,204,141.7
Jalaur,Anilao,Iloilo,304.5,241.5,165.2,"Anilao, Iloilo",304.5,241.5,165.2
,Badiangan,Iloilo,304.5,241.5,165.2,"Badiangan, Iloilo",304.5,241.5,165.2
,Banate,Iloilo,304.5,241.5,165.2,"Banate, Iloilo",304.5,241.5,165.2
,Barotac_Nuevo,Iloilo,304.5,241.5,165.2,"Barotac_Nuevo, Iloilo",304.5,241.5,165.2
,Barotac_Viejo,Iloilo,304.5,241.5,165.2,"Barotac_Viejo, Iloilo",304.5,241.5,165.2
,Cabatuan,Iloilo,304.5,241.5,165.2,"Cabatuan, Iloilo",304.5,241.5,165.2
,Calinog,Iloilo,304.5,241.5,165.2,"Calinog, Iloilo",304.5,241.5,165.2
,Dingle,Iloilo,304.5,241.5,165.2,"Dingle, Iloilo",304.5,241.5,165.2
,Duenas,Iloilo,304.5,241.5,165.2,"Duenas, Iloilo",304.5,241.5,165.2
,Dumangas,Iloilo,304.5,241.5,165.2,"Dumangas, Iloilo",304.5,241.5,165.2
,Iloilo_City,Iloilo,304.5,241.5,165.2,"Iloilo_City, Iloilo",304.5,241.5,165.2
,Janiuay,Iloilo,304.5,241.5,165.2,"Janiuay, Iloilo",304.5,241.5,165.2
,Lambunao,Iloilo,304.5,241.5,165.2,"Lambunao, Iloilo",304.5,241.5,165.2
,Leganes,Iloilo,304.5,241.5,165.2,"Leganes, Iloilo",304.5,241.5,165.2
,Mina,Iloilo,304.5,241.5,165.2,"Mina, Iloilo",304.5,241.5,165.2
,New_Lucena,Iloilo,304.5,241.5,165.2,"New_Lucena, Iloilo",304.5,241.5,165.2
,Passi_City,Iloilo,304.5,241.5,165.2,"Passi_City, Iloilo",304.5,241.5,165.2
,Pavia,Iloilo,304.5,241.5,165.2,"Pavia, Iloilo",304.5,241.5,165.2
,Pototan,Iloilo,304.5,241.5,165.2,"Pototan, Iloilo",304.5,241.5,165.2
,San_Enrique,Iloilo,304.5,241.5,165.2,"San_Enrique, Iloilo",304.5,241.5,165.2
,San_Rafael,Iloilo,304.5,241.5,165.2,"San_Rafael, Iloilo",304.5,241.5,165.2
,Santa_Barbara,Iloilo,304.5,241.5,165.2,"Santa_Barbara, Iloilo",304.5,241.5,165.2
,Zarraga,Iloilo,304.5,241.5,165.2,"Zarraga, Iloilo",304.5,241.5,165.2
Lucena,Lucena_City,Quezon,508.3,404.8,279.5,"Lucena_City, Quezon",508.3,404.8,279.5
,Tayabas_City,Quezon,508.3,404.8,279.5,"Tayabas_City, Quezon",508.3,404.8,279.5
Mag-asawang_Tubig,Baco,Oriental_Mindoro,434.3,340.4,226.7,"Baco, Oriental_Mindoro",434.3,340.4,226.7
,Calapan_City,Oriental_Mindoro,508.3,404.8,279.5,"Calapan_City, Oriental_Mindoro",508.3,404.8,279.5
,Naujan,Oriental_Mindoro,508.3,404.8,279.5,"Naujan, Oriental_Mindoro",508.3,404.8,279.5
,Pola,Oriental_Mindoro,313.3,249.2,171.6,"Pola, Oriental_Mindoro",313.3,249.2,171.6
,San_Teodoro,Oriental_Mindoro,434.3,340.4,226.7,"San_Teodoro, Oriental_Mindoro",434.3,340.4,226.7
,Socorro,Oriental_Mindoro,313.3,249.2,171.6,"Socorro, Oriental_Mindoro",313.3,249.2,171.6
,Victoria,Oriental_Mindoro,508.3,404.8,279.5,"Victoria, Oriental_Mindoro",508.3,404.8,279.5
Mandulog,Iligan_City,Lanao_del_Norte,255.5,204,141.7,"Iligan_City, Lanao_del_Norte",255.5,204,141.7
Marikina,Angono,Rizal,481.2,373.6,243.1,"Angono, Rizal",481.2,373.6,243.1
,Antipolo_City,Rizal,481.2,373.6,243.1,"Antipolo_City, Rizal",481.2,373.6,243.1
,Cainta,Rizal,481.2,373.6,243.1,"Cainta, Rizal",481.2,373.6,243.1
,Makati_City,Metropolitan_Manila,481.2,373.6,243.1,"Makati_City, Metropolitan_Manila",481.2,373.6,243.1
,Marikina,Metropolitan_Manila,481.2,373.6,243.1,"Marikina, Metropolitan_Manila",481.2,373.6,243.1
,Pasig_City,Metropolitan_Manila,481.2,373.6,243.1,"Pasig_City, Metropolitan_Manila",481.2,373.6,243.1
,Pateros,Metropolitan_Manila,481.2,373.6,243.1,"Pateros, Metropolitan_Manila",481.2,373.6,243.1
,Quezon_City,Metropolitan_Manila,481.2,373.6,243.1,"Quezon_City, Metropolitan_Manila",481.2,373.6,243.1
,Rodriguez,Rizal,481.2,373.6,243.1,"Rodriguez, Rizal",481.2,373.6,243.1
,San_Jose_del_Monte_City,Bulacan,481.2,373.6,243.1,"San_Jose_del_Monte_City, Bulacan",481.2,373.6,243.1
,San_Mateo,Rizal,481.2,373.6,243.1,"San_Mateo, Rizal",481.2,373.6,243.1
,Taguig,Metropolitan_Manila,481.2,373.6,243.1,"Taguig, Metropolitan_Manila",481.2,373.6,243.1
,Taytay,Rizal,481.2,373.6,243.1,"Taytay, Rizal",481.2,373.6,243.1
,Teresa,Rizal,481.2,373.6,243.1,"Teresa, Rizal",481.2,373.6,243.1
Metro_Manila,Bulacan,Bulacan,481.2,373.6,243.1,"Bulacan, Bulacan",481.2,373.6,243.1
,Kalookan_City,Metropolitan_Manila,481.2,373.6,243.1,"Kalookan_City, Metropolitan_Manila",481.2,373.6,243.1
,Las_Piñas,Metropolitan_Manila,377.6,301.5,209.4,"Las_Piñas, Metropolitan_Manila",377.6,301.5,209.4
,Makati_City,Metropolitan_Manila,481.2,373.6,243.1,"Makati_City, Metropolitan_Manila",481.2,373.6,243.1
,Malabon,Metropolitan_Manila,481.2,373.6,243.1,"Malabon, Metropolitan_Manila",481.2,373.6,243.1
,Mandaluyong,Metropolitan_Manila,481.2,373.6,243.1,"Mandaluyong, Metropolitan_Manila",481.2,373.6,243.1
,Manila,Metropolitan_Manila,415.6,328.8,223.5,"Manila, Metropolitan_Manila",415.6,328.8,223.5
,Marikina,Metropolitan_Manila,481.2,373.6,243.1,"Marikina, Metropolitan_Manila",481.2,373.6,243.1
,Marilao,Bulacan,481.2,373.6,243.1,"Marilao, Bulacan",481.2,373.6,243.1
,Meycauayan_City,Bulacan,481.2,373.6,243.1,"Meycauayan_City, Bulacan",481.2,373.6,243.1
,Muntinlupa,Metropolitan_Manila,377.6,301.5,209.4,"Muntinlupa, Metropolitan_Manila",377.6,301.5,209.4
,Navotas,Metropolitan_Manila,415.6,328.8,223.5,"Navotas, Metropolitan_Manila",415.6,328.8,223.5
,Obando,Bulacan,415.6,328.8,223.5,"Obando, Bulacan",415.6,328.8,223.5
,Parañaque,Metropolitan_Manila,377.6,301.5,209.4,"Parañaque, Metropolitan_Manila",377.6,301.5,209.4
,Pasay_City,Metropolitan_Manila,415.6,328.8,223.5,"Pasay_City, Metropolitan_Manila",415.6,328.8,223.5
,Pasig_City,Metropolitan_Manila,481.2,373.6,243.1,"Pasig_City, Metropolitan_Manila",481.2,373.6,243.1
,Pateros,Metropolitan_Manila,481.2,373.6,243.1,"Pateros, Metropolitan_Manila",481.2,373.6,243.1
,Quezon_City,Metropolitan_Manila,481.2,373.6,243.1,"Quezon_City, Metropolitan_Manila",481.2,373.6,243.1
,Rodriguez,Rizal,481.2,373.6,243.1,"Rodriguez, Rizal",481.2,373.6,243.1
,San_Jose_del_Monte_City,Bulacan,481.2,373.6,243.1,"San_Jose_del_Monte_City, Bulacan",481.2,373.6,243.1
,San_Juan,Metropolitan_Manila,481.2,373.6,243.1,"San_Juan, Metropolitan_Manila",481.2,373.6,243.1
,San_Pedro,Laguna,377.6,301.5,209.4,"San_Pedro, Laguna",377.6,301.5,209.4
,Taguig,Metropolitan_Manila,481.2,373.6,243.1,"Taguig, Metropolitan_Manila",481.2,373.6,243.1
,Valenzuela,Metropolitan_Manila,481.2,373.6,243.1,"Valenzuela, Metropolitan_Manila",481.2,373.6,243.1
Pampanga_(53),Angat,Bulacan,481.2,373.6,243.1,"Angat, Bulacan",481.2,373.6,243.1
,Angeles_City,Pampanga,533.6,431.1,307,"Angeles_City, Pampanga",533.6,431.1,307
,Apalit,Pampanga,481.2,373.6,243.1,"Apalit, Pampanga",481.2,373.6,243.1
,Arayat,Pampanga,349.3,275.2,185.3,"Arayat, Pampanga",349.3,275.2,185.3
,Bacolor,Pampanga,415.6,328.8,223.5,"Bacolor, Pampanga",415.6,328.8,223.5
,Balagtas,Bulacan,481.2,373.6,243.1,"Balagtas, Bulacan",481.2,373.6,243.1
,Baliuag,Bulacan,481.2,373.6,243.1,"Baliuag, Bulacan",481.2,373.6,243.1
,Bocaue,Bulacan,481.2,373.6,243.1,"Bocaue, Bulacan",481.2,373.6,243.1
,Bulacan,Bulacan,481.2,373.6,243.1,"Bulacan, Bulacan",481.2,373.6,243.1
,Bustos,Bulacan,481.2,373.6,243.1,"Bustos, Bulacan",481.2,373.6,243.1
,Cabiao,Nueva_Ecija,349.3,275.2,185.3,"Cabiao, Nueva_Ecija",349.3,275.2,185.3
,Calumpit,Bulacan,415.6,328.8,223.5,"Calumpit, Bulacan",415.6,328.8,223.5
,Candaba,Pampanga,481.2,373.6,243.1,"Candaba, Pampanga",481.2,373.6,243.1
,Dinalupihan,Bataan,377.6,301.5,209.4,"Dinalupihan, Bataan",377.6,301.5,209.4
,Floridablanca,Pampanga,415.6,328.8,223.5,"Floridablanca, Pampanga",415.6,328.8,223.5
,Guagua,Pampanga,415.6,328.8,223.5,"Guagua, Pampanga",415.6,328.8,223.5
,Guiguinto,Bulacan,481.2,373.6,243.1,"Guiguinto, Bulacan",481.2,373.6,243.1
,Hagonoy,Bulacan,415.6,328.8,223.5,"Hagonoy, Bulacan",415.6,328.8,223.5
,Hermosa,Bataan,377.6,301.5,209.4,"Hermosa, Bataan",377.6,301.5,209.4
,Kalookan_City,Metropolitan_Manila,481.2,373.6,243.1,"Kalookan_City, Metropolitan_Manila",481.2,373.6,243.1
,Lubao,Pampanga,415.6,328.8,223.5,"Lubao, Pampanga",415.6,328.8,223.5
,Mabalacat,Pampanga,533.6,431.1,307,"Mabalacat, Pampanga",533.6,431.1,307
,Macabebe,Pampanga,415.6,328.8,223.5,"Macabebe, Pampanga",415.6,328.8,223.5
,Malolos_City,Bulacan,415.6,328.8,223.5,"Malolos_City, Bulacan",415.6,328.8,223.5
,Marilao,Bulacan,481.2,373.6,243.1,"Marilao, Bulacan",481.2,373.6,243.1
,Masantol,Pampanga,415.6,328.8,223.5,"Masantol, Pampanga",415.6,328.8,223.5
,Mexico,Pampanga,481.2,373.6,243.1,"Mexico, Pampanga",481.2,373.6,243.1
,Meycauayan_City,Bulacan,481.2,373.6,243.1,"Meycauayan_City, Bulacan",481.2,373.6,243.1
,Minalin,Pampanga,415.6,328.8,223.5,"Minalin, Pampanga",415.6,328.8,223.5
,Norzagaray,Bulacan,481.2,373.6,243.1,"Norzagaray, Bulacan",481.2,373.6,243.1
,Obando,Bulacan,415.6,328.8,223.5,"Obando, Bulacan",415.6,328.8,223.5
,Olongapo_City,Zambales,415.6,328.8,223.5,"Olongapo_City, Zambales",415.6,328.8,223.5
,Orani,Bataan,377.6,301.5,209.4,"Orani, Bataan",377.6,301.5,209.4
,Pandi,Bulacan,481.2,373.6,243.1,"Pandi, Bulacan",481.2,373.6,243.1
,Paombong,Bulacan,415.6,328.8,223.5,"Paombong, Bulacan",415.6,328.8,223.5
,Plaridel,Bulacan,481.2,373.6,243.1,"Plaridel, Bulacan",481.2,373.6,243.1
,Porac,Pampanga,415.6,328.8,223.5,"Porac, Pampanga",415.6,328.8,223.5
,Pulilan,Bulacan,481.2,373.6,243.1,"Pulilan, Bulacan",481.2,373.6,243.1
,Quezon_City,Metropolitan_Manila,481.2,373.6,243.1,"Quezon_City, Metropolitan_Manila",481.2,373.6,243.1
,San_Fernando_City,Pampanga,415.6,328.8,223.5,"San_Fernando_City, Pampanga",415.6,328.8,223.5
,San_Ildefonso,Bulacan,481.2,373.6,243.1,"San_Ildefonso, Bulacan",481.2,373.6,243.1
,San_Jose_del_Monte_City,Bulacan,481.2,373.6,243.1,"San_Jose_del_Monte_City, Bulacan",481.2,373.6,243.1
,San_Luis,Pampanga,481.2,373.6,243.1,"San_Luis, Pampanga",481.2,373.6,243.1
,San_Miguel,Bulacan,349.3,275.2,185.3,"San_Miguel, Bulacan",349.3,275.2,185.3
,San_Rafael,Bulacan,481.2,373.6,243.1,"San_Rafael, Bulacan",481.2,373.6,243.1
,San_Simon,Pampanga,481.2,373.6,243.1,"San_Simon, Pampanga",481.2,373.6,243.1
,Santa_Ana,Pampanga,349.3,275.2,185.3,"Santa_Ana, Pampanga",349.3,275.2,185.3
,Santa_Maria,Bulacan,481.2,373.6,243.1,"Santa_Maria, Bulacan",481.2,373.6,243.1
,Santa_Rita,Pampanga,415.6,328.8,223.5,"Santa_Rita, Pampanga",415.6,328.8,223.5
,Santo_Tomas,Pampanga,415.6,328.8,223.5,"Santo_Tomas, Pampanga",415.6,328.8,223.5
,Sasmuan,Pampanga,415.6,328.8,223.5,"Sasmuan, Pampanga",415.6,328.8,223.5
,Subic,Zambales,533.6,431.1,307,"Subic, Zambales",533.6,431.1,307
,Valenzuela,Metropolitan_Manila,481.2,373.6,243.1,"Valenzuela, Metropolitan_Manila",481.2,373.6,243.1
Panay,Roxas_City,Capiz,344.6,273,186.2,"Roxas_City, Capiz",344.6,273,186.2
,Sara,Iloilo,344.6,273,186.2,"Sara, Iloilo",344.6,273,186.2
,Sigma,Capiz,344.6,273,186.2,"Sigma, Capiz",344.6,273,186.2
,Cuartero,Capiz,344.6,273,186.2,"Cuartero, Capiz",344.6,273,186.2
,Dao,Capiz,344.6,273,186.2,"Dao, Capiz",344.6,273,186.2
,Dumarao,Capiz,344.6,273,186.2,"Dumarao, Capiz",344.6,273,186.2
,Ivisan,Capiz,344.6,273,186.2,"Ivisan, Capiz",344.6,273,186.2
,Ma_Ayon,Capiz,344.6,273,186.2,"Ma_Ayon, Capiz",344.6,273,186.2
,Panay,Capiz,344.6,273,186.2,"Panay, Capiz",344.6,273,186.2
,Panitan,Capiz,344.6,273,186.2,"Panitan, Capiz",344.6,273,186.2
,Pontevedra,Capiz,344.6,273,186.2,"Pontevedra, Capiz",344.6,273,186.2
Tagoloan,Cagayan_de_Oro_City,Misamis_Oriental,255.5,204,141.7,"Cagayan_de_Oro_City, Misamis_Oriental",255.5,204,141.7
,Malitbog,Bukidnon,265.3,214.8,153.6,"Malitbog, Bukidnon",265.3,214.8,153.6
,Manolo_Fortich,Bukidnon,265.3,214.8,153.6,"Manolo_Fortich, Bukidnon",265.3,214.8,153.6
,Tagoloan,Misamis_Oriental,239.7,189.8,129.2,"Tagoloan, Misamis_Oriental",239.7,189.8,129.2
,Villanueva,Misamis_Oriental,239.7,189.8,129.2,"Villanueva, Misamis_Oriental",239.7,189.8,129.2
Tagum,Panabo_City,Davao_del_Norte,202.1,165.5,121.1,"Panabo_City, Davao_del_Norte",202.1,165.5,121.1
,Santo_Tomas,Davao_del_Norte,202.1,165.5,121.1,"Santo_Tomas, Davao_del_Norte",202.1,165.5,121.1
,Tagum_City,Davao_del_Norte,202.1,165.5,121.1,"Tagum_City, Davao_del_Norte",202.1,165.5,121.1
,Asuncion,Davao_del_Norte,483.1,389.7,276.5,"Asuncion, Davao_del_Norte",483.1,389.7,276.5
,Braulio_E_Dujali,Davao_del_Norte,202.1,165.5,121.1,"Braulio_E_Dujali, Davao_del_Norte",202.1,165.5,121.1
,Carmen,Davao_del_Norte,202.1,165.5,121.1,"Carmen, Davao_del_Norte",202.1,165.5,121.1
,Davao_City,Davao_del_Sur,202.1,165.5,121.1,"Davao_City, Davao_del_Sur",202.1,165.5,121.1
,Mabini,Compostela_Valley,202.1,165.5,121.1,"Mabini, Compostela_Valley",202.1,165.5,121.1
,Maco,Compostela_Valley,202.1,165.5,121.1,"Maco, Compostela_Valley",202.1,165.5,121.1
,Mawab,Compostela_Valley,202.1,165.5,121.1,"Mawab, Compostela_Valley",202.1,165.5,121.1
,New_Corella,Davao_del_Norte,202.1,165.5,121.1,"New_Corella, Davao_del_Norte",202.1,165.5,121.1
Agno,Aguilar,Pangasinan,440.5,352.9,246.7,"Aguilar, Pangasinan",440.5,352.9,246.7
,Alcala,Pangasinan,440.5,352.9,246.7,"Alcala, Pangasinan",440.5,352.9,246.7
,Anao,Tarlac,349.3,275.2,185.3,"Anao, Tarlac",349.3,275.2,185.3
,Asingan,Pangasinan,440.5,352.9,246.7,"Asingan, Pangasinan",440.5,352.9,246.7
,Balungao,Pangasinan,349.3,275.2,185.3,"Balungao, Pangasinan",349.3,275.2,185.3
,Basista,Pangasinan,440.5,352.9,246.7,"Basista, Pangasinan",440.5,352.9,246.7
,Bautista,Pangasinan,440.5,352.9,246.7,"Bautista, Pangasinan",440.5,352.9,246.7
,Bayambang,Pangasinan,440.5,352.9,246.7,"Bayambang, Pangasinan",440.5,352.9,246.7
,Binalonan,Pangasinan,440.5,352.9,246.7,"Binalonan, Pangasinan",440.5,352.9,246.7
,Binmaley,Pangasinan,440.5,352.9,246.7,"Binmaley, Pangasinan",440.5,352.9,246.7
,Bugallon,Pangasinan,440.5,352.9,246.7,"Bugallon, Pangasinan",440.5,352.9,246.7
,Calasiao,Pangasinan,440.5,352.9,246.7,"Calasiao, Pangasinan",440.5,352.9,246.7
,Camiling,Tarlac,533.6,431.1,307,"Camiling, Tarlac",533.6,431.1,307
,Cuyapo,Nueva_Ecija,349.3,275.2,185.3,"Cuyapo, Nueva_Ecija",349.3,275.2,185.3
,Dagupan_City,Pangasinan,440.5,352.9,246.7,"Dagupan_City, Pangasinan",440.5,352.9,246.7
,Gerona,Tarlac,533.6,431.1,307,"Gerona, Tarlac",533.6,431.1,307
,Guimba,Nueva_Ecija,349.3,275.2,185.3,"Guimba, Nueva_Ecija",349.3,275.2,185.3
,Infanta,Pangasinan,533.6,431.1,307,"Infanta, Pangasinan",533.6,431.1,307
,La_Paz,Tarlac,349.3,275.2,185.3,"La_Paz, Tarlac",349.3,275.2,185.3
,Labrador,Pangasinan,440.5,352.9,246.7,"Labrador, Pangasinan",440.5,352.9,246.7
,Laoac,Pangasinan,440.5,352.9,246.7,"Laoac, Pangasinan",440.5,352.9,246.7
,Licab,Nueva_Ecija,349.3,275.2,185.3,"Licab, Nueva_Ecija",349.3,275.2,185.3
,Lingayen,Pangasinan,440.5,352.9,246.7,"Lingayen, Pangasinan",440.5,352.9,246.7
,Mabini,Pangasinan,440.5,352.9,246.7,"Mabini, Pangasinan",440.5,352.9,246.7
,Malasiqui,Pangasinan,440.5,352.9,246.7,"Malasiqui, Pangasinan",440.5,352.9,246.7
,Manaoag,Pangasinan,440.5,352.9,246.7,"Manaoag, Pangasinan",440.5,352.9,246.7
,Mangaldan,Pangasinan,440.5,352.9,246.7,"Mangaldan, Pangasinan",440.5,352.9,246.7
,Mangatarem,Pangasinan,533.6,431.1,307,"Mangatarem, Pangasinan",533.6,431.1,307
,Mapandan,Pangasinan,440.5,352.9,246.7,"Mapandan, Pangasinan",440.5,352.9,246.7
,Mayantoc,Tarlac,533.6,431.1,307,"Mayantoc, Tarlac",533.6,431.1,307
,Moncada,Tarlac,440.5,352.9,246.7,"Moncada, Tarlac",440.5,352.9,246.7
,Muñoz_City,Nueva_Ecija,349.3,275.2,185.3,"Muñoz_City, Nueva_Ecija",349.3,275.2,185.3
,Nampicuan,Nueva_Ecija,349.3,275.2,185.3,"Nampicuan, Nueva_Ecija",349.3,275.2,185.3
,Natividad,Pangasinan,440.5,352.9,246.7,"Natividad, Pangasinan",440.5,352.9,246.7
,Paniqui,Tarlac,349.3,275.2,185.3,"Paniqui, Tarlac",349.3,275.2,185.3
,Pozzorubio,Pangasinan,440.5,352.9,246.7,"Pozzorubio, Pangasinan",440.5,352.9,246.7
,Pura,Tarlac,349.3,275.2,185.3,"Pura, Tarlac",349.3,275.2,185.3
,Ramos,Tarlac,349.3,275.2,185.3,"Ramos, Tarlac",349.3,275.2,185.3
,Rosales,Pangasinan,440.5,352.9,246.7,"Rosales, Pangasinan",440.5,352.9,246.7
,San_Carlos_City,Pangasinan,440.5,352.9,246.7,"San_Carlos_City, Pangasinan",440.5,352.9,246.7
,San_Clemente,Tarlac,533.6,431.1,307,"San_Clemente, Tarlac",533.6,431.1,307
,San_Fabian,Pangasinan,440.5,352.9,246.7,"San_Fabian, Pangasinan",440.5,352.9,246.7
,San_Jacinto,Pangasinan,440.5,352.9,246.7,"San_Jacinto, Pangasinan",440.5,352.9,246.7
,San_Jose,Tarlac,533.6,431.1,307,"San_Jose, Tarlac",533.6,431.1,307
,San_Manuel,Pangasinan,440.5,352.9,246.7,"San_Manuel, Pangasinan",440.5,352.9,246.7
,San_Manuel,Tarlac,440.5,352.9,246.7,"San_Manuel, Tarlac",440.5,352.9,246.7
,San_Quintin,Pangasinan,349.3,275.2,185.3,"San_Quintin, Pangasinan",349.3,275.2,185.3
,Santa_Barbara,Pangasinan,440.5,352.9,246.7,"Santa_Barbara, Pangasinan",440.5,352.9,246.7
,Santa_Ignacia,Tarlac,533.6,431.1,307,"Santa_Ignacia, Tarlac",533.6,431.1,307
,Santa_Maria,Pangasinan,440.5,352.9,246.7,"Santa_Maria, Pangasinan",440.5,352.9,246.7
,Santo_Tomas,Pangasinan,440.5,352.9,246.7,"Santo_Tomas, Pangasinan",440.5,352.9,246.7
,Sison,Pangasinan,440.5,352.9,246.7,"Sison, Pangasinan",440.5,352.9,246.7
,Talugtug,Nueva_Ecija,349.3,275.2,185.3,"Talugtug, Nueva_Ecija",349.3,275.2,185.3
,Tarlac_City,Tarlac,533.6,431.1,307,"Tarlac_City, Tarlac",533.6,431.1,307
,Tayug,Pangasinan,440.5,352.9,246.7,"Tayug, Pangasinan",440.5,352.9,246.7
,Umingan,Pangasinan,349.3,275.2,185.3,"Umingan, Pangasinan",349.3,275.2,185.3
,Urbiztondo,Pangasinan,440.5,352.9,246.7,"Urbiztondo, Pangasinan",440.5,352.9,246.7
,Urdaneta_City,Pangasinan,440.5,352.9,246.7,"Urdaneta_City, Pangasinan",440.5,352.9,246.7
,Victoria,Tarlac,349.3,275.2,185.3,"Victoria, Tarlac",349.3,275.2,185.3
,Villasis,Pangasinan,440.5,352.9,246.7,"Villasis, Pangasinan",440.5,352.9,246.7
Agusan,Buenavista,Agusan_del_Norte,308.6,248.3,175.2,"Buenavista, Agusan_del_Norte",308.6,248.3,175.2
,Butuan_City,Agusan_del_Norte,308.6,248.3,175.2,"Butuan_City, Agusan_del_Norte",308.6,248.3,175.2
,Cabadbaran_City,Agusan_del_Norte,308.6,248.3,175.2,"Cabadbaran_City, Agusan_del_Norte",308.6,248.3,175.2
,Magallanes,Agusan_del_Norte,308.6,248.3,175.2,"Magallanes, Agusan_del_Norte",308.6,248.3,175.2
,Remedios_T_Romualdez,Agusan_del_Norte,308.6,248.3,175.2,"Remedios_T_Romualdez, Agusan_del_Norte",308.6,248.3,175.2
Bicol,Bombon,Camarines_Sur,520.3,411.1,278.7,"Bombon, Camarines_Sur",520.3,411.1,278.7
,Cabusao,Camarines_Sur,520.3,411.1,278.7,"Cabusao, Camarines_Sur",520.3,411.1,278.7
,Calabanga,Camarines_Sur,520.3,411.1,278.7,"Calabanga, Camarines_Sur",520.3,411.1,278.7
,Camaligan,Camarines_Sur,520.3,411.1,278.7,"Camaligan, Camarines_Sur",520.3,411.1,278.7
,Canaman,Camarines_Sur,520.3,411.1,278.7,"Canaman, Camarines_Sur",520.3,411.1,278.7
,Gainza,Camarines_Sur,520.3,411.1,278.7,"Gainza, Camarines_Sur",520.3,411.1,278.7
,Libmanan,Camarines_Sur,520.3,411.1,278.7,"Libmanan, Camarines_Sur",520.3,411.1,278.7
,Magarao,Camarines_Sur,520.3,411.1,278.7,"Magarao, Camarines_Sur",520.3,411.1,278.7
,Milaor,Camarines_Sur,520.3,411.1,278.7,"Milaor, Camarines_Sur",520.3,411.1,278.7
,Minalabac,Camarines_Sur,520.3,411.1,278.7,"Minalabac, Camarines_Sur",520.3,411.1,278.7
,Naga_City,Camarines_Sur,520.3,411.1,278.7,"Naga_City, Camarines_Sur",520.3,411.1,278.7
,Pamplona,Camarines_Sur,520.3,411.1,278.7,"Pamplona, Camarines_Sur",520.3,411.1,278.7
,San_Fernando,Camarines_Sur,520.3,411.1,278.7,"San_Fernando, Camarines_Sur",520.3,411.1,278.7
Cagayan,Alcala,Cagayan,465.5,367.2,248,"Alcala, Cagayan",465.5,367.2,248
,Alfonso_Lista,Ifugao,427.9,345.5,245.6,"Alfonso_Lista, Ifugao",427.9,345.5,245.6
,Allacapan,Cagayan,484,379.3,252.5,"Allacapan, Cagayan",484,379.3,252.5
,Amulung,Cagayan,465.5,367.2,248,"Amulung, Cagayan",465.5,367.2,248
,Aparri,Cagayan,484,379.3,252.5,"Aparri, Cagayan",484,379.3,252.5
,Baggao,Cagayan,465.5,367.2,248,"Baggao, Cagayan",465.5,367.2,248
,Ballesteros,Cagayan,484,379.3,252.5,"Ballesteros, Cagayan",484,379.3,252.5
,Buguey,Cagayan,484,379.3,252.5,"Buguey, Cagayan",484,379.3,252.5
,Burgos,Isabela,465.5,367.2,248,"Burgos, Isabela",465.5,367.2,248
,Cabagan,Isabela,465.5,367.2,248,"Cabagan, Isabela",465.5,367.2,248
,Camalaniugan,Cagayan,484,379.3,252.5,"Camalaniugan, Cagayan",484,379.3,252.5
,Conner,Apayao,602,479.8,331.7,"Conner, Apayao",602,479.8,331.7
,Delfin_Albano,Isabela,465.5,367.2,248,"Delfin_Albano, Isabela",465.5,367.2,248
,Enrile,Cagayan,465.5,367.2,248,"Enrile, Cagayan",465.5,367.2,248
,Gamu,Isabela,465.5,367.2,248,"Gamu, Isabela",465.5,367.2,248
,Gattaran,Cagayan,465.5,367.2,248,"Gattaran, Cagayan",465.5,367.2,248
,Gonzaga,Cagayan,465.5,367.2,248,"Gonzaga, Cagayan",465.5,367.2,248
,Iguig,Cagayan,465.5,367.2,248,"Iguig, Cagayan",465.5,367.2,248
,Ilagan,Isabela,465.5,367.2,248,"Ilagan, Isabela",465.5,367.2,248
,Lal_Lo,Cagayan,465.5,367.2,248,"Lal_Lo, Cagayan",465.5,367.2,248
,Lasam,Cagayan,465.5,367.2,248,"Lasam, Cagayan",465.5,367.2,248
,Mallig,Isabela,465.5,367.2,248,"Mallig, Isabela",465.5,367.2,248
,Paracelis,Mountain_Province,465.5,367.2,248,"Paracelis, Mountain_Province",465.5,367.2,248
,Peñablanca,Cagayan,465.5,367.2,248,"Peñablanca, Cagayan",465.5,367.2,248
,Piat,Cagayan,465.5,367.2,248,"Piat, Cagayan",465.5,367.2,248
,Pinukpuk,Kalinga,465.5,367.2,248,"Pinukpuk, Kalinga",465.5,367.2,248
,Quezon,Isabela,465.5,367.2,248,"Quezon, Isabela",465.5,367.2,248
,Quirino,Isabela,465.5,367.2,248,"Quirino, Isabela",465.5,367.2,248
,Rizal,Kalinga,465.5,367.2,248,"Rizal, Kalinga",465.5,367.2,248
,Rizal,Cagayan,465.5,367.2,248,"Rizal, Cagayan",465.5,367.2,248
,Roxas,Isabela,465.5,367.2,248,"Roxas, Isabela",465.5,367.2,248
,San_Pablo,Isabela,465.5,367.2,248,"San_Pablo, Isabela",465.5,367.2,248
,Santa_Maria,Isabela,465.5,367.2,248,"Santa_Maria, Isabela",465.5,367.2,248
,Santa_Teresita,Cagayan,484,379.3,252.5,"Santa_Teresita, Cagayan",484,379.3,252.5
,Santo_Niño,Cagayan,465.5,367.2,248,"Santo_Niño, Cagayan",465.5,367.2,248
,Santo_Tomas,Isabela,465.5,367.2,248,"Santo_Tomas, Isabela",465.5,367.2,248
,Solana,Cagayan,465.5,367.2,248,"Solana, Cagayan",465.5,367.2,248
,Tabuk_City,Kalinga,465.5,367.2,248,"Tabuk_City, Kalinga",465.5,367.2,248
,Tuao,Cagayan,465.5,367.2,248,"Tuao, Cagayan",465.5,367.2,248
,Tuguegarao_City,Cagayan,465.5,367.2,248,"Tuguegarao_City, Cagayan",465.5,367.2,248
,Tumauini,Isabela,465.5,367.2,248,"Tumauini, Isabela",465.5,367.2,248
Mindanao,Cotabato_City,Maguindanao,202.1,165.5,121.1,"Cotabato_City, Maguindanao",202.1,165.5,121.1
,Datu_Odin_Sinsuat,Shariff_Kabunsuan,195.2,153.4,102.7,"Datu_Odin_Sinsuat, Shariff_Kabunsuan",195.2,153.4,102.7
,Kabuntalan,Shariff_Kabunsuan,202.1,165.5,121.1,"Kabuntalan, Shariff_Kabunsuan",202.1,165.5,121.1
,Northern_Kabuntalan,Shariff_Kabunsuan,202.1,165.5,121.1,"Northern_Kabuntalan, Shariff_Kabunsuan",202.1,165.5,121.1
,Parang,Shariff_Kabunsuan,255.5,204,141.7,"Parang, Shariff_Kabunsuan",255.5,204,141.7
,Pigkawayan,North_Cotabato,202.1,165.5,121.1,"Pigkawayan, North_Cotabato",202.1,165.5,121.1
,Sultan_Kudarat,Shariff_Kabunsuan,255.5,204,141.7,"Sultan_Kudarat, Shariff_Kabunsuan",255.5,204,141.7
,Sultan_Mastura,Shariff_Kabunsuan,255.5,204,141.7,"Sultan_Mastura, Shariff_Kabunsuan",255.5,204,141.7